{
    "loss": 1.1965633630752563,
    "accuracy": 0.8287267684936523
}