{
    "loss": 1.1088875532150269,
    "accuracy": 0.8563660979270935
}