{
    "loss": 14.748594284057617,
    "accuracy": 0.690077006816864
}