{
    "loss": 1.1960861682891846,
    "accuracy": 0.8491164445877075
}